original_path,decoded_name,new_path
#U7b80#U5386#U5185#U5bb9#U53c2#U8003.png,简历内容参考.png,public/images/references/resume-reference.png
#U7b80#U5386#Uff08#U6c5f#U6587#U5029#Uff09.pdf,简历（江文倩）.pdf,public/documents/resume-jiang-wenqian.pdf
images/profile-photo.jpg,images/profile-photo.jpg,public/images/profile/profile-photo.jpg
projects/UI#U8bbe#U8ba1#Uff08#U65b0#U699c#Uff09/AI#U5185#U5bb9#U53d1#U5e03#U98ce#U9669#U63d0#U793a.png,UI设计（新榜）/AI内容发布风险提示.png,public/images/projects/newrank-ui-design/ai-content-publishing-risk-alert.png
projects/UI#U8bbe#U8ba1#Uff08#U65b0#U699c#Uff09/#U4e3b#U7ad9#U2014#U2014#U957fbanner.png,UI设计（新榜）/主站——长banner.png,public/images/projects/newrank-ui-design/main-site-long-banner.png
projects/UI#U8bbe#U8ba1#Uff08#U65b0#U699c#Uff09/#U5185#U5bb9#U6d1e#U5bdf - #U65e0#U5de6#U4fa7#U6807#U9898#U7a7a#U95f4#U7248-#U5b9e#U65f6.png,UI设计（新榜）/内容洞察 - 无左侧标题空间版-实时.png,public/images/projects/newrank-ui-design/content-insight-realtime-no-left-title-space.png
projects/UI#U8bbe#U8ba1#Uff08#U65b0#U699c#Uff09/#U51fa#U6d77#U699c#U5355.png,UI设计（新榜）/出海榜单.png,public/images/projects/newrank-ui-design/overseas-ranking-list.png
projects/UI#U8bbe#U8ba1#Uff08#U65b0#U699c#Uff09/#U54c1#U724c#U699c#U8be6#U60c5#U9875banner.png,UI设计（新榜）/品牌榜详情页banner.png,public/images/projects/newrank-ui-design/brand-ranking-detail-banner.png
projects/UI#U8bbe#U8ba1#Uff08#U65b0#U699c#Uff09/#U58f0#U91cf#U901abanner.png,UI设计（新榜）/声量通banner.png,public/images/projects/newrank-ui-design/buzz-monitor-banner.png
projects/UI#U8bbe#U8ba1#Uff08#U65b0#U699c#Uff09/#U58f0#U91cf#U901a#U5fae#U4fe1#U6d77#U62a5#U5c01#U9762.png,UI设计（新榜）/声量通微信海报封面.png,public/images/projects/newrank-ui-design/buzz-monitor-wechat-poster-cover.png
projects/UI#U8bbe#U8ba1#Uff08#U65b0#U699c#Uff09/#U58f0#U91cf#U901a#U5fae#U4fe1#U6d77#U62a5#U603b#U8ff0#U9875.png,UI设计（新榜）/声量通微信海报总述页.png,public/images/projects/newrank-ui-design/buzz-monitor-wechat-poster-overview.png
projects/UI#U8bbe#U8ba1#Uff08#U65b0#U699c#Uff09/#U5c0f#U8c46#U82bd#U843d#U5730#U63a8#U5e7f#U9875#U9762.png,UI设计（新榜）/小豆芽落地推广页面.png,public/images/projects/newrank-ui-design/xiaodouya-landing-promo-page.png
projects/UI#U8bbe#U8ba1#Uff08#U65b0#U699c#Uff09/#U667a#U6c47#U63a8#U5e7fPC#U7aef.png,UI设计（新榜）/智汇推广PC端.png,public/images/projects/newrank-ui-design/zhihui-promotion-desktop.png
projects/UI#U8bbe#U8ba1#Uff08#U65b0#U699c#Uff09/#U667a#U6c47#U63a8#U5e7f#U624b#U673a#U7aef.png,UI设计（新榜）/智汇推广手机端.png,public/images/projects/newrank-ui-design/zhihui-promotion-mobile.png
projects/UI#U8bbe#U8ba1#Uff08#U65b0#U699c#Uff09/#U77e9#U9635#U901abanner.png,UI设计（新榜）/矩阵通banner.png,public/images/projects/newrank-ui-design/matrix-monitor-banner.png
projects/#U89c6#U89c9#U8425#U9500#U8bbe#U8ba1#Uff08#U6781#U7c73#Uff09/#U4e9a#U9a6c#U900a#U8be6#U60c5#U9875/PC A+1.png,视觉营销设计（极米）/亚马逊详情页/PC A+1.png,public/images/projects/xgimi-visual-marketing/amazon-detail-pages/pc-a-plus-01.png
projects/#U89c6#U89c9#U8425#U9500#U8bbe#U8ba1#Uff08#U6781#U7c73#Uff09/#U4e9a#U9a6c#U900a#U8be6#U60c5#U9875/PC A+10.jpg,视觉营销设计（极米）/亚马逊详情页/PC A+10.jpg,public/images/projects/xgimi-visual-marketing/amazon-detail-pages/pc-a-plus-10.jpg
projects/#U89c6#U89c9#U8425#U9500#U8bbe#U8ba1#Uff08#U6781#U7c73#Uff09/#U4e9a#U9a6c#U900a#U8be6#U60c5#U9875/PC A+11.jpg,视觉营销设计（极米）/亚马逊详情页/PC A+11.jpg,public/images/projects/xgimi-visual-marketing/amazon-detail-pages/pc-a-plus-11.jpg
projects/#U89c6#U89c9#U8425#U9500#U8bbe#U8ba1#Uff08#U6781#U7c73#Uff09/#U4e9a#U9a6c#U900a#U8be6#U60c5#U9875/PC A+12.jpg,视觉营销设计（极米）/亚马逊详情页/PC A+12.jpg,public/images/projects/xgimi-visual-marketing/amazon-detail-pages/pc-a-plus-12.jpg
projects/#U89c6#U89c9#U8425#U9500#U8bbe#U8ba1#Uff08#U6781#U7c73#Uff09/#U4e9a#U9a6c#U900a#U8be6#U60c5#U9875/PC A+13.jpg,视觉营销设计（极米）/亚马逊详情页/PC A+13.jpg,public/images/projects/xgimi-visual-marketing/amazon-detail-pages/pc-a-plus-13.jpg
projects/#U89c6#U89c9#U8425#U9500#U8bbe#U8ba1#Uff08#U6781#U7c73#Uff09/#U4e9a#U9a6c#U900a#U8be6#U60c5#U9875/PC A+14.jpg,视觉营销设计（极米）/亚马逊详情页/PC A+14.jpg,public/images/projects/xgimi-visual-marketing/amazon-detail-pages/pc-a-plus-14.jpg
projects/#U89c6#U89c9#U8425#U9500#U8bbe#U8ba1#Uff08#U6781#U7c73#Uff09/#U4e9a#U9a6c#U900a#U8be6#U60c5#U9875/PC A+15.jpg,视觉营销设计（极米）/亚马逊详情页/PC A+15.jpg,public/images/projects/xgimi-visual-marketing/amazon-detail-pages/pc-a-plus-15.jpg
projects/#U89c6#U89c9#U8425#U9500#U8bbe#U8ba1#Uff08#U6781#U7c73#Uff09/#U4e9a#U9a6c#U900a#U8be6#U60c5#U9875/PC A+16.jpg,视觉营销设计（极米）/亚马逊详情页/PC A+16.jpg,public/images/projects/xgimi-visual-marketing/amazon-detail-pages/pc-a-plus-16.jpg
projects/#U89c6#U89c9#U8425#U9500#U8bbe#U8ba1#Uff08#U6781#U7c73#Uff09/#U4e9a#U9a6c#U900a#U8be6#U60c5#U9875/PC A+17.jpg,视觉营销设计（极米）/亚马逊详情页/PC A+17.jpg,public/images/projects/xgimi-visual-marketing/amazon-detail-pages/pc-a-plus-17.jpg
projects/#U89c6#U89c9#U8425#U9500#U8bbe#U8ba1#Uff08#U6781#U7c73#Uff09/#U4e9a#U9a6c#U900a#U8be6#U60c5#U9875/PC A+18.jpg,视觉营销设计（极米）/亚马逊详情页/PC A+18.jpg,public/images/projects/xgimi-visual-marketing/amazon-detail-pages/pc-a-plus-18.jpg
projects/#U89c6#U89c9#U8425#U9500#U8bbe#U8ba1#Uff08#U6781#U7c73#Uff09/#U4e9a#U9a6c#U900a#U8be6#U60c5#U9875/PC A+19.jpg,视觉营销设计（极米）/亚马逊详情页/PC A+19.jpg,public/images/projects/xgimi-visual-marketing/amazon-detail-pages/pc-a-plus-19.jpg
projects/#U89c6#U89c9#U8425#U9500#U8bbe#U8ba1#Uff08#U6781#U7c73#Uff09/#U4e9a#U9a6c#U900a#U8be6#U60c5#U9875/PC A+20.jpg,视觉营销设计（极米）/亚马逊详情页/PC A+20.jpg,public/images/projects/xgimi-visual-marketing/amazon-detail-pages/pc-a-plus-20.jpg
projects/#U89c6#U89c9#U8425#U9500#U8bbe#U8ba1#Uff08#U6781#U7c73#Uff09/#U4e9a#U9a6c#U900a#U8be6#U60c5#U9875/PC A+21.jpg,视觉营销设计（极米）/亚马逊详情页/PC A+21.jpg,public/images/projects/xgimi-visual-marketing/amazon-detail-pages/pc-a-plus-21.jpg
projects/#U89c6#U89c9#U8425#U9500#U8bbe#U8ba1#Uff08#U6781#U7c73#Uff09/#U4e9a#U9a6c#U900a#U8be6#U60c5#U9875/PC A+22.jpg,视觉营销设计（极米）/亚马逊详情页/PC A+22.jpg,public/images/projects/xgimi-visual-marketing/amazon-detail-pages/pc-a-plus-22.jpg
projects/#U89c6#U89c9#U8425#U9500#U8bbe#U8ba1#Uff08#U6781#U7c73#Uff09/#U4e9a#U9a6c#U900a#U8be6#U60c5#U9875/PC A+23.jpg,视觉营销设计（极米）/亚马逊详情页/PC A+23.jpg,public/images/projects/xgimi-visual-marketing/amazon-detail-pages/pc-a-plus-23.jpg
projects/#U89c6#U89c9#U8425#U9500#U8bbe#U8ba1#Uff08#U6781#U7c73#Uff09/#U4e9a#U9a6c#U900a#U8be6#U60c5#U9875/PC A+24.jpg,视觉营销设计（极米）/亚马逊详情页/PC A+24.jpg,public/images/projects/xgimi-visual-marketing/amazon-detail-pages/pc-a-plus-24.jpg
projects/#U89c6#U89c9#U8425#U9500#U8bbe#U8ba1#Uff08#U6781#U7c73#Uff09/#U4e9a#U9a6c#U900a#U8be6#U60c5#U9875/PC A+25.jpg,视觉营销设计（极米）/亚马逊详情页/PC A+25.jpg,public/images/projects/xgimi-visual-marketing/amazon-detail-pages/pc-a-plus-25.jpg
projects/#U89c6#U89c9#U8425#U9500#U8bbe#U8ba1#Uff08#U6781#U7c73#Uff09/#U4e9a#U9a6c#U900a#U8be6#U60c5#U9875/PC A+26.jpg,视觉营销设计（极米）/亚马逊详情页/PC A+26.jpg,public/images/projects/xgimi-visual-marketing/amazon-detail-pages/pc-a-plus-26.jpg
projects/#U89c6#U89c9#U8425#U9500#U8bbe#U8ba1#Uff08#U6781#U7c73#Uff09/#U4e9a#U9a6c#U900a#U8be6#U60c5#U9875/PC A+3.jpg,视觉营销设计（极米）/亚马逊详情页/PC A+3.jpg,public/images/projects/xgimi-visual-marketing/amazon-detail-pages/pc-a-plus-03.jpg
projects/#U89c6#U89c9#U8425#U9500#U8bbe#U8ba1#Uff08#U6781#U7c73#Uff09/#U4e9a#U9a6c#U900a#U8be6#U60c5#U9875/PC A+4.jpg,视觉营销设计（极米）/亚马逊详情页/PC A+4.jpg,public/images/projects/xgimi-visual-marketing/amazon-detail-pages/pc-a-plus-04.jpg
projects/#U89c6#U89c9#U8425#U9500#U8bbe#U8ba1#Uff08#U6781#U7c73#Uff09/#U4e9a#U9a6c#U900a#U8be6#U60c5#U9875/PC A+5.jpg,视觉营销设计（极米）/亚马逊详情页/PC A+5.jpg,public/images/projects/xgimi-visual-marketing/amazon-detail-pages/pc-a-plus-05.jpg
projects/#U89c6#U89c9#U8425#U9500#U8bbe#U8ba1#Uff08#U6781#U7c73#Uff09/#U4e9a#U9a6c#U900a#U8be6#U60c5#U9875/PC A+6.jpg,视觉营销设计（极米）/亚马逊详情页/PC A+6.jpg,public/images/projects/xgimi-visual-marketing/amazon-detail-pages/pc-a-plus-06.jpg
projects/#U89c6#U89c9#U8425#U9500#U8bbe#U8ba1#Uff08#U6781#U7c73#Uff09/#U4e9a#U9a6c#U900a#U8be6#U60c5#U9875/PC A+7.jpg,视觉营销设计（极米）/亚马逊详情页/PC A+7.jpg,public/images/projects/xgimi-visual-marketing/amazon-detail-pages/pc-a-plus-07.jpg
projects/#U89c6#U89c9#U8425#U9500#U8bbe#U8ba1#Uff08#U6781#U7c73#Uff09/#U4e9a#U9a6c#U900a#U8be6#U60c5#U9875/PC A+8.jpg,视觉营销设计（极米）/亚马逊详情页/PC A+8.jpg,public/images/projects/xgimi-visual-marketing/amazon-detail-pages/pc-a-plus-08.jpg
projects/#U89c6#U89c9#U8425#U9500#U8bbe#U8ba1#Uff08#U6781#U7c73#Uff09/#U4e9a#U9a6c#U900a#U8be6#U60c5#U9875/PC A+9.jpg,视觉营销设计（极米）/亚马逊详情页/PC A+9.jpg,public/images/projects/xgimi-visual-marketing/amazon-detail-pages/pc-a-plus-09.jpg
projects/#U89c6#U89c9#U8425#U9500#U8bbe#U8ba1#Uff08#U6781#U7c73#Uff09/#U4e9a#U9a6c#U900a#U8be6#U60c5#U9875/#U4e3b#U56fe1.png,视觉营销设计（极米）/亚马逊详情页/主图1.png,public/images/projects/xgimi-visual-marketing/amazon-detail-pages/hero-image-01.png
projects/#U89c6#U89c9#U8425#U9500#U8bbe#U8ba1#Uff08#U6781#U7c73#Uff09/#U4e9a#U9a6c#U900a#U8be6#U60c5#U9875/#U4e3b#U56fe2.png,视觉营销设计（极米）/亚马逊详情页/主图2.png,public/images/projects/xgimi-visual-marketing/amazon-detail-pages/hero-image-02.png
projects/#U89c6#U89c9#U8425#U9500#U8bbe#U8ba1#Uff08#U6781#U7c73#Uff09/#U4e9a#U9a6c#U900a#U8be6#U60c5#U9875/#U4e3b#U56fe3.png,视觉营销设计（极米）/亚马逊详情页/主图3.png,public/images/projects/xgimi-visual-marketing/amazon-detail-pages/hero-image-03.png
projects/#U89c6#U89c9#U8425#U9500#U8bbe#U8ba1#Uff08#U6781#U7c73#Uff09/#U4e9a#U9a6c#U900a#U8be6#U60c5#U9875/#U4e3b#U56fe4.png,视觉营销设计（极米）/亚马逊详情页/主图4.png,public/images/projects/xgimi-visual-marketing/amazon-detail-pages/hero-image-04.png
projects/#U89c6#U89c9#U8425#U9500#U8bbe#U8ba1#Uff08#U6781#U7c73#Uff09/#U4e9a#U9a6c#U900a#U8be6#U60c5#U9875/#U4e3b#U56fe5.png,视觉营销设计（极米）/亚马逊详情页/主图5.png,public/images/projects/xgimi-visual-marketing/amazon-detail-pages/hero-image-05.png
projects/#U89c6#U89c9#U8425#U9500#U8bbe#U8ba1#Uff08#U6781#U7c73#Uff09/#U4e9a#U9a6c#U900a#U8be6#U60c5#U9875/#U4e3b#U56fe6.png,视觉营销设计（极米）/亚马逊详情页/主图6.png,public/images/projects/xgimi-visual-marketing/amazon-detail-pages/hero-image-06.png
projects/#U89c6#U89c9#U8425#U9500#U8bbe#U8ba1#Uff08#U6781#U7c73#Uff09/#U4e9a#U9a6c#U900a#U8be6#U60c5#U9875/#U4e3b#U56fe7.png,视觉营销设计（极米）/亚马逊详情页/主图7.png,public/images/projects/xgimi-visual-marketing/amazon-detail-pages/hero-image-07.png
projects/#U89c6#U89c9#U8425#U9500#U8bbe#U8ba1#Uff08#U6781#U7c73#Uff09/#U63a8#U6587/6.12#U4ee5#U65e7#U6362#U65b0banner.png,视觉营销设计（极米）/推文/6.12以旧换新banner.png,public/images/projects/xgimi-visual-marketing/social-posts/trade-in-renewal-banner-2024-06-12.png
projects/#U89c6#U89c9#U8425#U9500#U8bbe#U8ba1#Uff08#U6781#U7c73#Uff09/#U63a8#U6587/6.12#U4ee5#U65e7#U6362#U65b0#U63a8#U6587.png,视觉营销设计（极米）/推文/6.12以旧换新推文.png,public/images/projects/xgimi-visual-marketing/social-posts/trade-in-renewal-social-post-2024-06-12.png
projects/#U89c6#U89c9#U8425#U9500#U8bbe#U8ba1#Uff08#U6781#U7c73#Uff09/#U63a8#U6587/618#U7115#U65b0#U5b63banner.png,视觉营销设计（极米）/推文/618焕新季banner.png,public/images/projects/xgimi-visual-marketing/social-posts/midyear-refresh-banner-618.png
projects/#U89c6#U89c9#U8425#U9500#U8bbe#U8ba1#Uff08#U6781#U7c73#Uff09/#U63a8#U6587/618#U7115#U65b0#U5b63#U63a8#U6587.png,视觉营销设计（极米）/推文/618焕新季推文.png,public/images/projects/xgimi-visual-marketing/social-posts/midyear-refresh-social-post-618.png
projects/#U89c6#U89c9#U8425#U9500#U8bbe#U8ba1#Uff08#U6781#U7c73#Uff09/#U63a8#U6587/#U65b0#U54c1#U8be6#U60c5#U9875#U63a8#U6587.png,视觉营销设计（极米）/推文/新品详情页推文.png,public/images/projects/xgimi-visual-marketing/social-posts/new-product-detail-social-post.png
projects/#U89c6#U89c9#U8425#U9500#U8bbe#U8ba1#Uff08#U6781#U7c73#Uff09/#U63a8#U6587/#U6781#U7c73X50#U65b0#U54c1banner.png,视觉营销设计（极米）/推文/极米X50新品banner.png,public/images/projects/xgimi-visual-marketing/social-posts/xgimi-x50-new-product-banner.png
projects/#U89c6#U89c9#U8425#U9500#U8bbe#U8ba1#Uff08#U6781#U7c73#Uff09/#U63a8#U6587/#U8db3#U7403#U5b63#U6d3b#U52a8banner.jpg,视觉营销设计（极米）/推文/足球季活动banner.jpg,public/images/projects/xgimi-visual-marketing/social-posts/football-season-campaign-banner.jpg
projects/#U89c6#U89c9#U8425#U9500#U8bbe#U8ba1#Uff08#U6781#U7c73#Uff09/#U63a8#U6587/#U8db3#U7403#U5b63#U6d3b#U52a8#U89c4#U5219#U63a8#U65871.jpg,视觉营销设计（极米）/推文/足球季活动规则推文1.jpg,public/images/projects/xgimi-visual-marketing/social-posts/football-season-rules-social-post-01.jpg
projects/#U89c6#U89c9#U8425#U9500#U8bbe#U8ba1#Uff08#U6781#U7c73#Uff09/#U63a8#U6587/#U8db3#U7403#U5b63#U6d3b#U52a8#U89c4#U5219#U63a8#U65872.png,视觉营销设计（极米）/推文/足球季活动规则推文2.png,public/images/projects/xgimi-visual-marketing/social-posts/football-season-rules-social-post-02.png
projects/#U89c6#U89c9#U8425#U9500#U8bbe#U8ba1#Uff08#U6781#U7c73#Uff09/#U6d77#U62a5/#U65e5#U672c#U5f00#U7bb1#U6295#U7a3f#U793e#U5a92#U6d77#U62a5.png,视觉营销设计（极米）/海报/日本开箱投稿社媒海报.png,public/images/projects/xgimi-visual-marketing/posters/japan-unboxing-social-poster.png
projects/#U89c6#U89c9#U8425#U9500#U8bbe#U8ba1#Uff08#U6781#U7c73#Uff09/#U6d77#U62a5/#U65e5#U672c#U793e#U5a92#U6d77#U62a5.png,视觉营销设计（极米）/海报/日本社媒海报.png,public/images/projects/xgimi-visual-marketing/posters/japan-social-poster.png
projects/#U8bfe#U7a0b#U8bbe#U8ba1#Uff08#U5b66#U6821#Uff09/1.#U8700#U9526#U7eb9#U6837#U82b1/#U5c55#U677f/Frame 5.jpg,课程设计（学校）/1.蜀锦纹样花/展板/Frame 5.jpg,public/images/projects/school-course-projects/01-shu-brocade-floral-patterns/boards/board-frame-05.jpg
projects/#U8bfe#U7a0b#U8bbe#U8ba1#Uff08#U5b66#U6821#Uff09/1.#U8700#U9526#U7eb9#U6837#U82b1/#U5c55#U677f/Frame 6.jpg,课程设计（学校）/1.蜀锦纹样花/展板/Frame 6.jpg,public/images/projects/school-course-projects/01-shu-brocade-floral-patterns/boards/board-frame-06.jpg
projects/#U8bfe#U7a0b#U8bbe#U8ba1#Uff08#U5b66#U6821#Uff09/1.#U8700#U9526#U7eb9#U6837#U82b1/#U5c55#U677f/Frame 7.jpg,课程设计（学校）/1.蜀锦纹样花/展板/Frame 7.jpg,public/images/projects/school-course-projects/01-shu-brocade-floral-patterns/boards/board-frame-07.jpg
projects/#U8bfe#U7a0b#U8bbe#U8ba1#Uff08#U5b66#U6821#Uff09/1.#U8700#U9526#U7eb9#U6837#U82b1/#U6d77#U62a5/#U5170#U82b1.jpg,课程设计（学校）/1.蜀锦纹样花/海报/兰花.jpg,public/images/projects/school-course-projects/01-shu-brocade-floral-patterns/posters/orchid-poster.jpg
projects/#U8bfe#U7a0b#U8bbe#U8ba1#Uff08#U5b66#U6821#Uff09/1.#U8700#U9526#U7eb9#U6837#U82b1/#U6d77#U62a5/#U6885#U82b1.jpg,课程设计（学校）/1.蜀锦纹样花/海报/梅花.jpg,public/images/projects/school-course-projects/01-shu-brocade-floral-patterns/posters/plum-blossom-poster.jpg
projects/#U8bfe#U7a0b#U8bbe#U8ba1#Uff08#U5b66#U6821#Uff09/1.#U8700#U9526#U7eb9#U6837#U82b1/#U6d77#U62a5/#U6c34#U4ed9#U82b1.jpg,课程设计（学校）/1.蜀锦纹样花/海报/水仙花.jpg,public/images/projects/school-course-projects/01-shu-brocade-floral-patterns/posters/narcissus-poster.jpg
projects/#U8bfe#U7a0b#U8bbe#U8ba1#Uff08#U5b66#U6821#Uff09/1.#U8700#U9526#U7eb9#U6837#U82b1/#U6d77#U62a5/#U8299#U84c9#U82b1.jpg,课程设计（学校）/1.蜀锦纹样花/海报/芙蓉花.jpg,public/images/projects/school-course-projects/01-shu-brocade-floral-patterns/posters/hibiscus-poster.jpg
projects/#U8bfe#U7a0b#U8bbe#U8ba1#Uff08#U5b66#U6821#Uff09/1.#U8700#U9526#U7eb9#U6837#U82b1/#U6d77#U62a5/#U83ca#U82b1.jpg,课程设计（学校）/1.蜀锦纹样花/海报/菊花.jpg,public/images/projects/school-course-projects/01-shu-brocade-floral-patterns/posters/chrysanthemum-poster.jpg
projects/#U8bfe#U7a0b#U8bbe#U8ba1#Uff08#U5b66#U6821#Uff09/2.#U5f5d#U65cf#U6f06#U5668#U6587#U521b/1.jpg,课程设计（学校）/2.彝族漆器文创/1.jpg,public/images/projects/school-course-projects/02-yi-lacquer-cultural-creative/image-01.jpg
projects/#U8bfe#U7a0b#U8bbe#U8ba1#Uff08#U5b66#U6821#Uff09/2.#U5f5d#U65cf#U6f06#U5668#U6587#U521b/2.jpg,课程设计（学校）/2.彝族漆器文创/2.jpg,public/images/projects/school-course-projects/02-yi-lacquer-cultural-creative/image-02.jpg
projects/#U8bfe#U7a0b#U8bbe#U8ba1#Uff08#U5b66#U6821#Uff09/2.#U5f5d#U65cf#U6f06#U5668#U6587#U521b/3.jpg,课程设计（学校）/2.彝族漆器文创/3.jpg,public/images/projects/school-course-projects/02-yi-lacquer-cultural-creative/image-03.jpg
projects/#U8bfe#U7a0b#U8bbe#U8ba1#Uff08#U5b66#U6821#Uff09/3.3D#U5efa#U6a21#U3001#U89c6#U9891/#U7597#U6108#U82b1#U56ed/1.png,课程设计（学校）/3.3D建模、视频/疗愈花园/1.png,public/images/projects/school-course-projects/03-3d-modeling-and-video/healing-garden/image-01.png
projects/#U8bfe#U7a0b#U8bbe#U8ba1#Uff08#U5b66#U6821#Uff09/3.3D#U5efa#U6a21#U3001#U89c6#U9891/#U7597#U6108#U82b1#U56ed/#U7597#U6108#U82b1#U56ed#U89c6#U98911.mp4,课程设计（学校）/3.3D建模、视频/疗愈花园/疗愈花园视频1.mp4,public/videos/projects/school-course-projects/03-3d-modeling-and-video/healing-garden/healing-garden-video-01.mp4
projects/#U8bfe#U7a0b#U8bbe#U8ba1#Uff08#U5b66#U6821#Uff09/3.3D#U5efa#U6a21#U3001#U89c6#U9891/#U7597#U6108#U82b1#U56ed/#U7597#U6108#U82b1#U56ed#U89c6#U98912.mp4,课程设计（学校）/3.3D建模、视频/疗愈花园/疗愈花园视频2.mp4,public/videos/projects/school-course-projects/03-3d-modeling-and-video/healing-garden/healing-garden-video-02.mp4
projects/#U8bfe#U7a0b#U8bbe#U8ba1#Uff08#U5b66#U6821#Uff09/3.3D#U5efa#U6a21#U3001#U89c6#U9891/#U7597#U6108#U82b1#U56ed/#U7597#U6108#U82b1#U6735#U547c#U5438#U89c6#U9891.mp4,课程设计（学校）/3.3D建模、视频/疗愈花园/疗愈花朵呼吸视频.mp4,public/videos/projects/school-course-projects/03-3d-modeling-and-video/healing-garden/healing-flower-breathing-video.mp4
projects/#U8bfe#U7a0b#U8bbe#U8ba1#Uff08#U5b66#U6821#Uff09/3.3D#U5efa#U6a21#U3001#U89c6#U9891/#U7a7a#U4e2d#U82b1#U56ed/1.png,课程设计（学校）/3.3D建模、视频/空中花园/1.png,public/images/projects/school-course-projects/03-3d-modeling-and-video/sky-garden/image-01.png
projects/#U8bfe#U7a0b#U8bbe#U8ba1#Uff08#U5b66#U6821#Uff09/3.3D#U5efa#U6a21#U3001#U89c6#U9891/#U7a7a#U4e2d#U82b1#U56ed/2.png,课程设计（学校）/3.3D建模、视频/空中花园/2.png,public/images/projects/school-course-projects/03-3d-modeling-and-video/sky-garden/image-02.png
projects/#U8bfe#U7a0b#U8bbe#U8ba1#Uff08#U5b66#U6821#Uff09/3.3D#U5efa#U6a21#U3001#U89c6#U9891/#U7a7a#U4e2d#U82b1#U56ed/#U7a7a#U4e2d#U82b1#U56ed#U89c6#U9891.mp4,课程设计（学校）/3.3D建模、视频/空中花园/空中花园视频.mp4,public/videos/projects/school-course-projects/03-3d-modeling-and-video/sky-garden/sky-garden-video.mp4
projects/#U8bfe#U7a0b#U8bbe#U8ba1#Uff08#U5b66#U6821#Uff09/4.#U76ae#U5f71#U5934#U832c#U6587#U521b/#U5c55#U677f.jpg,课程设计（学校）/4.皮影头茬文创/展板.jpg,public/images/projects/school-course-projects/04-shadow-puppet-cultural-creative/project-board.jpg
projects/#U8bfe#U7a0b#U8bbe#U8ba1#Uff08#U5b66#U6821#Uff09/4.#U76ae#U5f71#U5934#U832c#U6587#U521b/#U6d77#U62a5/1 (1).png,课程设计（学校）/4.皮影头茬文创/海报/1 (1).png,public/images/projects/school-course-projects/04-shadow-puppet-cultural-creative/posters/poster-01.png
projects/#U8bfe#U7a0b#U8bbe#U8ba1#Uff08#U5b66#U6821#Uff09/4.#U76ae#U5f71#U5934#U832c#U6587#U521b/#U6d77#U62a5/1 (2).png,课程设计（学校）/4.皮影头茬文创/海报/1 (2).png,public/images/projects/school-course-projects/04-shadow-puppet-cultural-creative/posters/poster-02.png
projects/#U8bfe#U7a0b#U8bbe#U8ba1#Uff08#U5b66#U6821#Uff09/4.#U76ae#U5f71#U5934#U832c#U6587#U521b/#U6d77#U62a5/1 (3).png,课程设计（学校）/4.皮影头茬文创/海报/1 (3).png,public/images/projects/school-course-projects/04-shadow-puppet-cultural-creative/posters/poster-03.png
projects/#U8bfe#U7a0b#U8bbe#U8ba1#Uff08#U5b66#U6821#Uff09/4.#U76ae#U5f71#U5934#U832c#U6587#U521b/#U6d77#U62a5/1 (4).png,课程设计（学校）/4.皮影头茬文创/海报/1 (4).png,public/images/projects/school-course-projects/04-shadow-puppet-cultural-creative/posters/poster-04.png
projects/#U8bfe#U7a0b#U8bbe#U8ba1#Uff08#U5b66#U6821#Uff09/4.#U76ae#U5f71#U5934#U832c#U6587#U521b/#U6d77#U62a5/1 (5).png,课程设计（学校）/4.皮影头茬文创/海报/1 (5).png,public/images/projects/school-course-projects/04-shadow-puppet-cultural-creative/posters/poster-05.png
projects/#U8bfe#U7a0b#U8bbe#U8ba1#Uff08#U5b66#U6821#Uff09/5.#U84dd#U6865#U676f#U63d2#U753b/1 (1).png,课程设计（学校）/5.蓝桥杯插画/1 (1).png,public/images/projects/school-course-projects/05-lanqiao-cup-illustrations/poster-01.png
projects/#U8bfe#U7a0b#U8bbe#U8ba1#Uff08#U5b66#U6821#Uff09/5.#U84dd#U6865#U676f#U63d2#U753b/1 (2).png,课程设计（学校）/5.蓝桥杯插画/1 (2).png,public/images/projects/school-course-projects/05-lanqiao-cup-illustrations/poster-02.png
projects/#U8bfe#U7a0b#U8bbe#U8ba1#Uff08#U5b66#U6821#Uff09/5.#U84dd#U6865#U676f#U63d2#U753b/1 (3).png,课程设计（学校）/5.蓝桥杯插画/1 (3).png,public/images/projects/school-course-projects/05-lanqiao-cup-illustrations/poster-03.png
projects/#U8bfe#U7a0b#U8bbe#U8ba1#Uff08#U5b66#U6821#Uff09/6.#U5c71#U6d77#U7ecf#U4e3b#U9898#U6f6e#U889c/#U5c55#U677f.jpg,课程设计（学校）/6.山海经主题潮袜/展板.jpg,public/images/projects/school-course-projects/06-classic-of-mountains-and-seas-socks/project-board.jpg
projects/#U8bfe#U7a0b#U8bbe#U8ba1#Uff08#U5b66#U6821#Uff09/7.#U4e09#U798f#U5e7f#U544a#U6d77#U62a5/#U4e09#U798f#U5e7f#U544a1.jpg,课程设计（学校）/7.三福广告海报/三福广告1.jpg,public/images/projects/school-course-projects/07-sanfu-ad-posters/sanfu-ad-poster-01.jpg
projects/#U8bfe#U7a0b#U8bbe#U8ba1#Uff08#U5b66#U6821#Uff09/7.#U4e09#U798f#U5e7f#U544a#U6d77#U62a5/#U4e09#U798f#U5e7f#U544a2.jpg,课程设计（学校）/7.三福广告海报/三福广告2.jpg,public/images/projects/school-course-projects/07-sanfu-ad-posters/sanfu-ad-poster-02.jpg
projects/#U8bfe#U7a0b#U8bbe#U8ba1#Uff08#U5b66#U6821#Uff09/7.#U4e09#U798f#U5e7f#U544a#U6d77#U62a5/#U4e09#U798f#U5e7f#U544a3.jpg,课程设计（学校）/7.三福广告海报/三福广告3.jpg,public/images/projects/school-course-projects/07-sanfu-ad-posters/sanfu-ad-poster-03.jpg
